{
		"teams": [
		
	{
        "team_name": "Golden State Warriors",       
        "wins": 74,
        "losses": 45,
        "percentage": 0.6218487394957983193277310924369748
    },
    {
        "team_name": "San Antonio Spurs",        
        "wins": 68,
        "losses": 45,
        "percentage": 0.6017699115044247787610619469026549
    }
	]
}